{
  "sweep_type": "angle_per_color",
  "methodology": "uniform_cf",
  "N": 5,
  "cra_values": [
    0.0,
    15.0,
    30.0
  ],
  "color_wavelengths": {
    "B": 0.45,
    "G": 0.53,
    "R": 0.62
  },
  "timestamp": "2026-02-12T09:43:35.595768+00:00",
  "results": {
    "cra_0": {
      "cra_deg": 0.0,
      "QE_B": 0.9696544889288417,
      "QE_G": 0.9769519424690865,
      "QE_R": 0.9621865340660403,
      "time_s": 78.247177999001
    },
    "cra_15": {
      "cra_deg": 15.0,
      "QE_B": 0.9994660019378456,
      "QE_G": 0.9999601680509146,
      "QE_R": 0.9959723564445302,
      "time_s": 86.96064187498996
    },
    "cra_30": {
      "cra_deg": 30.0,
      "QE_B": 0.9954119320992809,
      "QE_G": 0.9996476357974211,
      "QE_R": 0.9980259005668386,
      "time_s": 91.95046570900013
    }
  }
}