{
  "sweep_type": "cross_solver_per_color",
  "methodology": "uniform_cf",
  "color_wavelengths": {
    "B": 0.45,
    "G": 0.53,
    "R": 0.62
  },
  "timestamp": "2026-02-12T09:38:45.856617+00:00",
  "solvers": {
    "grcwa": {
      "fourier_order": [
        49,
        49
      ],
      "QE_B": 0.9315515205166767,
      "R_B": 0.06844847310035593,
      "T_B": 6.3829673589872705e-09,
      "QE_G": 0.9432115784719306,
      "R_G": 0.05658516930082849,
      "T_G": 0.00020325222724085836,
      "QE_R": 0.9333157458924701,
      "R_R": 0.05252928791780663,
      "T_R": 0.014154966189723305,
      "time_s": 2.8206787910166895
    },
    "torcwa": {
      "fourier_order": [
        5,
        5
      ],
      "QE_B": 0.9696544889288417,
      "R_B": 0.030345492779976887,
      "T_B": 1.8291181478880244e-08,
      "QE_G": 0.9769519424690865,
      "R_G": 0.02270992745091847,
      "T_G": 0.00033813007999510664,
      "QE_R": 0.9621865340660403,
      "R_R": 0.024841838579490703,
      "T_R": 0.012971627354468999,
      "time_s": 69.7512342499831
    }
  }
}