{
  "sweep_type": "fourier_per_color_grcwa",
  "methodology": "uniform_cf",
  "color_wavelengths": {
    "B": 0.45,
    "G": 0.53,
    "R": 0.62
  },
  "timestamp": "2026-02-12T09:39:01.526302+00:00",
  "convergence_threshold": 0.001,
  "results": [
    {
      "nG": 9,
      "harmonics": 9,
      "QE_B": 0.9948711553694936,
      "delta_QE_B": null,
      "R_B": 0.0051288445395224124,
      "T_B": 9.098398658614401e-11,
      "QE_G": 0.9931318699672097,
      "delta_QE_G": null,
      "R_G": 0.006866420140111496,
      "T_G": 1.7098926787712564e-06,
      "QE_R": 0.981101632067717,
      "delta_QE_R": null,
      "R_R": 0.018787120263782344,
      "T_R": 0.00011124766850063161,
      "time_s": 0.047477624015300535
    },
    {
      "nG": 25,
      "harmonics": 25,
      "QE_B": 0.9733513769972323,
      "delta_QE_B": -0.021519778372261267,
      "R_B": 0.02664862194848815,
      "T_B": 1.0542795261778765e-09,
      "QE_G": 0.9882579815497582,
      "delta_QE_G": -0.004873888417451511,
      "R_G": 0.01170923600801754,
      "T_G": 3.278244222427832e-05,
      "QE_R": 0.9834351228061678,
      "delta_QE_R": 0.002333490738450794,
      "R_R": 0.014170131965540525,
      "T_R": 0.002394745228291665,
      "time_s": 0.5062495000020135
    },
    {
      "nG": 49,
      "harmonics": 49,
      "QE_B": 0.9315515205166767,
      "delta_QE_B": -0.04179985648055562,
      "R_B": 0.06844847310035593,
      "T_B": 6.3829673589872705e-09,
      "QE_G": 0.9432115784719306,
      "delta_QE_G": -0.04504640307782759,
      "R_G": 0.05658516930082849,
      "T_G": 0.00020325222724085836,
      "QE_R": 0.9333157458924701,
      "delta_QE_R": -0.05011937691369772,
      "R_R": 0.05252928791780663,
      "T_R": 0.014154966189723305,
      "time_s": 2.807215790991904
    },
    {
      "nG": 81,
      "harmonics": 81,
      "QE_B": 0.9340134295996043,
      "delta_QE_B": 0.002461909082927649,
      "R_B": 0.06598653893589337,
      "T_B": 3.1464502397026436e-08,
      "QE_G": 0.9669828773260554,
      "delta_QE_G": 0.023771298854124767,
      "R_G": 0.03279143328282119,
      "T_G": 0.00022568939112350438,
      "QE_R": 0.5,
      "delta_QE_R": -0.4333157458924701,
      "R_R": 14.33248087339024,
      "T_R": 0.013056500870065895,
      "time_s": 10.27822345799359
    }
  ]
}