{
  "sweep_type": "fourier_per_color_torcwa",
  "methodology": "uniform_cf",
  "color_wavelengths": {
    "B": 0.45,
    "G": 0.53,
    "R": 0.62
  },
  "timestamp": "2026-02-12T10:06:19.104461+00:00",
  "convergence_threshold": 0.001,
  "results": [
    {
      "nG": 3,
      "harmonics": 49,
      "QE_B": 0.9195891068084049,
      "delta_QE_B": null,
      "R_B": 0.08041088261091503,
      "T_B": 1.0580680153237173e-08,
      "QE_G": 0.9470922805854473,
      "delta_QE_G": null,
      "R_G": 0.052707995583778,
      "T_G": 0.0001997238307746594,
      "QE_R": 0.9289399373715771,
      "delta_QE_R": null,
      "R_R": 0.05214333648034748,
      "T_R": 0.018916726148075328,
      "time_s": 9.019375957999728
    },
    {
      "nG": 5,
      "harmonics": 121,
      "QE_B": 0.9696544889288417,
      "delta_QE_B": 0.05006538212043676,
      "R_B": 0.030345492779976887,
      "T_B": 1.8291181478880244e-08,
      "QE_G": 0.9769519424690865,
      "delta_QE_G": 0.0298596618836392,
      "R_G": 0.02270992745091847,
      "T_G": 0.00033813007999510664,
      "QE_R": 0.9621865340660403,
      "delta_QE_R": 0.03324659669446317,
      "R_R": 0.024841838579490703,
      "T_R": 0.012971627354468999,
      "time_s": 78.53993479098426
    },
    {
      "nG": 7,
      "harmonics": 225,
      "QE_B": 0.9475091967695816,
      "delta_QE_B": -0.022145292159260088,
      "R_B": 0.05249079837115523,
      "T_B": 4.85926326605167e-09,
      "QE_G": 0.9737174303966301,
      "delta_QE_G": -0.003234512072456397,
      "R_G": 0.025955091473324903,
      "T_G": 0.00032747813004507066,
      "QE_R": 0.961493170051671,
      "delta_QE_R": -0.0006933640143692577,
      "R_R": 0.02419099401033831,
      "T_R": 0.014315835937990727,
      "time_s": 346.46670037500735
    },
    {
      "nG": 9,
      "harmonics": 361,
      "QE_B": 0.9486374036686955,
      "delta_QE_B": 0.0011282068991139704,
      "R_B": 0.05136242843696145,
      "T_B": 1.6789434297246612e-07,
      "QE_G": 0.973733830190096,
      "delta_QE_G": 1.6399793465904366e-05,
      "R_G": 0.02602128855356776,
      "T_G": 0.0002448812563362281,
      "QE_R": 0.9617260289938776,
      "delta_QE_R": 0.00023285894220659298,
      "R_R": 0.024638125150344786,
      "T_R": 0.01363584585577755,
      "time_s": 1187.3205226260034
    }
  ]
}